item_id,text,format,factor
h001,,agree5,Op
h002,,agree5,Co
h003,,agree5,Ag
h004,,agree5,Ex
h005,,agree5,Em
h006,,agree5,HH
h007,,agree5,Op
h008,,agree5,Co
h009,,agree5,Ag
h010,,agree5,Ex
h011,,agree5,Em
h012,,agree5,HH
h013,,agree5,Op
h014,,agree5,Co
h015,,agree5,Ag
h016,,agree5,Ex
h017,,agree5,Em
h018,,agree5,HH
h019,,agree5,Op
h020,,agree5,Co
h021,,agree5,Ag
h022,,agree5,Ex
h023,,agree5,Em
h024,,agree5,HH
h025,,agree5,Op
h026,,agree5,Co
h027,,agree5,Ag
h028,,agree5,Ex
h029,,agree5,Em
h030,,agree5,HH
h031,,agree5,Op
h032,,agree5,Co
h033,,agree5,Ag
h034,,agree5,Ex
h035,,agree5,Em
h036,,agree5,HH
h037,,agree5,Op
h038,,agree5,Co
h039,,agree5,Ag
h040,,agree5,Ex
h041,,agree5,Em
h042,,agree5,HH
h043,,agree5,Op
h044,,agree5,Co
h045,,agree5,Ag
h046,,agree5,Ex
h047,,agree5,Em
h048,,agree5,HH
h049,,agree5,Op
h050,,agree5,Co
h051,,agree5,Ag
h052,,agree5,Ex
h053,,agree5,Em
h054,,agree5,HH
h055,,agree5,Op
h056,,agree5,Co
h057,,agree5,Ag
h058,,agree5,Ex
h059,,agree5,Em
h060,,agree5,HH
h061,,agree5,Op
h062,,agree5,Co
h063,,agree5,Ag
h064,,agree5,Ex
h065,,agree5,Em
h066,,agree5,HH
h067,,agree5,Op
h068,,agree5,Co
h069,,agree5,Ag
h070,,agree5,Ex
h071,,agree5,Em
h072,,agree5,HH
h073,,agree5,Op
h074,,agree5,Co
h075,,agree5,Ag
h076,,agree5,Ex
h077,,agree5,Em
h078,,agree5,HH
h079,,agree5,Op
h080,,agree5,Co
h081,,agree5,Ag
h082,,agree5,Ex
h083,,agree5,Em
h084,,agree5,HH
h085,,agree5,Op
h086,,agree5,Co
h087,,agree5,Ag
h088,,agree5,Ex
h089,,agree5,Em
h090,,agree5,HH
h091,,agree5,Op
h092,,agree5,Co
h093,,agree5,Ag
h094,,agree5,Ex
h095,,agree5,Em
h096,,agree5,HH
h097,,agree5,
h098,,agree5,
h099,,agree5,
h100,,agree5,
