qarin_id,Honesty-Humility,Emotionality,Extraversion,Agreeableness,Conscientiousness,Openness to Experience,Altruism (interstitial),Sincerity,Fairness,Greed-Avoidance,Modesty,Fearfulness,Anxiety,Dependence,Sentimentality,Social Self-Esteem,Social Boldness,Sociability,Liveliness,Forgiveness,Gentleness,Flexibility,Patience,Organization,Diligence,Perfectionism,Prudence,Aesthetic Appreciation,Inquisitiveness,Creativity,Unconventionality
Q001,3.25,2.5625,2.375,2.8125,4.125,4.125,4.5,4.25,3.5,1.25,4.0,1.0,5.0,1.75,2.5,2.5,2.5,2.5,2.0,2.0,2.75,3.25,3.25,4.25,4.5,4.75,3.0,3.75,5.0,3.0,4.75
Q002,4.1875,4.25,2.375,3.4375,4.625,3.75,4.0,5.0,5.0,2.5,4.25,4.75,4.0,4.0,4.25,3.5,1.0,2.5,2.5,3.0,3.75,3.5,3.5,4.75,5.0,4.0,4.75,4.5,4.0,3.75,2.75
Q003,3.25,3.9375,2.625,3.1875,4.625,3.625,4.5,1.75,4.75,2.25,4.25,5.0,3.75,2.25,4.75,3.75,1.5,1.5,3.75,1.75,3.5,3.75,3.75,4.75,4.75,4.25,4.75,3.5,4.25,3.0,3.75
Q004,4.25,3.9375,2.875,3.125,3.5625,4.0,4.5,4.0,5.0,4.0,4.0,3.75,4.25,3.5,4.25,3.5,2.25,3.25,2.5,2.5,3.5,3.25,3.25,3.5,4.5,3.25,3.0,4.75,4.5,3.75,3.0
Q005,4.75,2.1875,1.4375,4.125,3.3125,3.25,2.75,5.0,4.0,5.0,5.0,2.5,2.75,1.75,1.75,2.5,1.0,1.0,1.25,3.75,4.25,3.5,5.0,3.75,2.25,3.0,4.25,4.0,2.75,2.75,3.5
Q006,4.0625,3.375,3.6875,3.375,3.5,3.875,4.25,4.25,4.75,3.25,4.0,3.75,3.25,2.75,3.75,4.0,3.0,3.75,4.0,3.25,3.25,3.25,3.75,3.5,3.5,3.5,3.5,4.0,3.75,4.0,3.75
Q007,2.25,3.375,2.125,3.4375,3.9375,1.9375,4.0,1.0,2.0,1.0,5.0,3.25,5.0,3.5,1.75,3.0,1.75,1.75,2.0,3.75,3.5,2.25,4.25,4.25,2.75,4.0,4.75,1.0,1.25,2.0,3.5
Q008,3.375,4.0,4.5,3.1875,4.4375,4.3125,5.0,4.0,3.75,2.0,3.75,3.75,3.5,4.0,4.75,5.0,4.25,4.25,4.5,2.75,3.25,3.5,3.25,5.0,4.75,4.25,3.75,4.25,4.25,5.0,3.75
Q009,3.625,3.25,4.0,3.375,3.9375,4.875,3.25,4.5,5.0,1.25,3.75,3.75,2.25,3.25,3.75,4.5,4.75,3.25,3.5,2.75,3.0,4.75,3.0,4.25,4.25,3.75,3.5,5.0,5.0,5.0,4.5
Q010,3.0,3.375,3.75,3.625,4.25,3.875,4.0,3.25,3.25,1.75,3.75,3.75,3.0,3.5,3.25,4.0,3.75,3.5,3.75,2.5,4.0,3.75,4.25,4.5,4.0,4.25,4.25,4.75,3.5,3.25,4.0
Q011,3.625,4.25,1.5,1.875,4.1875,3.0625,4.0,4.25,3.75,2.75,3.75,4.0,5.0,4.25,3.75,1.5,1.25,1.0,2.25,1.5,2.0,2.25,1.75,4.75,3.75,4.25,4.0,3.25,3.25,2.5,3.25
Q012,3.1875,2.8125,3.3125,2.9375,2.75,3.1875,3.25,3.25,3.0,3.25,3.25,2.75,3.0,2.75,2.75,3.25,3.0,3.5,3.5,3.0,3.0,2.75,3.0,3.0,2.0,3.0,3.0,3.5,3.0,3.25,3.0
Q013,1.875,1.9375,3.625,2.125,4.375,3.9375,2.25,1.0,1.25,1.75,3.5,1.0,2.75,1.75,2.25,3.75,3.75,3.0,4.0,1.5,2.75,2.0,2.25,4.75,4.75,4.0,4.0,4.0,5.0,3.25,3.5
Q014,4.125,3.6875,2.1875,1.8125,3.9375,3.4375,3.25,4.0,3.0,4.5,5.0,3.75,5.0,1.25,4.75,2.25,2.25,2.25,2.0,1.5,2.25,1.75,1.75,2.5,4.0,4.25,5.0,4.25,2.5,4.0,3.0
Q015,3.8125,2.9375,4.3125,4.625,4.875,4.3125,5.0,5.0,5.0,1.25,4.0,3.0,1.25,3.5,4.0,4.75,3.5,4.5,4.5,4.0,4.75,4.75,5.0,4.75,4.75,5.0,5.0,4.0,4.75,5.0,3.5
Q016,3.75,2.875,3.5,2.875,4.6875,4.1875,3.25,3.75,4.75,2.75,3.75,4.0,2.25,2.5,2.75,4.0,3.25,3.0,3.75,2.25,3.0,3.25,3.0,5.0,5.0,4.25,4.5,3.75,4.75,4.5,3.75
Q017,4.3125,4.4375,2.125,3.0,3.3125,4.125,4.0,4.25,4.75,3.5,4.75,4.25,5.0,3.5,5.0,3.25,1.5,1.75,2.0,1.5,3.75,3.75,3.0,3.0,2.25,4.25,3.75,4.25,4.5,3.75,4.0
Q018,4.125,5.0,2.5,1.9375,4.9375,3.5,3.75,4.5,5.0,2.5,4.5,5.0,5.0,5.0,5.0,2.25,2.5,2.5,2.75,1.5,3.75,1.5,1.0,5.0,5.0,5.0,4.75,2.25,3.0,4.25,4.5
Q019,3.875,4.3125,3.8125,4.1875,4.75,4.1875,4.75,4.0,4.75,2.25,4.5,4.5,3.25,5.0,4.5,3.75,3.25,4.0,4.25,4.25,4.5,4.5,3.5,5.0,5.0,4.25,4.75,4.5,4.0,4.0,4.25
Q020,2.9375,2.5,4.8125,4.6875,4.6875,4.875,4.5,3.0,1.0,2.75,5.0,1.0,4.0,1.0,4.0,4.25,5.0,5.0,5.0,3.75,5.0,5.0,5.0,5.0,4.25,5.0,4.5,4.5,5.0,5.0,5.0
Q021,4.625,4.25,1.8125,2.4375,4.75,3.5625,4.75,4.25,5.0,4.25,5.0,5.0,5.0,2.75,4.25,2.5,1.75,1.0,2.0,1.5,3.0,3.0,2.25,4.75,5.0,5.0,4.25,3.75,3.0,3.75,3.75
Q022,4.0625,3.25,3.0,3.4375,3.75,3.875,5.0,4.25,4.25,2.75,5.0,3.25,4.0,2.75,3.0,3.75,1.5,2.5,4.25,2.5,3.75,3.75,3.75,4.0,4.0,3.5,3.5,4.5,3.0,4.0,4.0
Q023,4.0,3.3125,4.4375,2.6875,4.25,4.25,4.5,5.0,4.5,3.0,3.5,3.5,3.5,2.75,3.5,4.75,4.25,4.25,4.5,2.0,3.0,2.5,3.25,4.0,4.5,4.25,4.25,3.75,4.5,4.75,4.0
Q024,3.0625,2.6875,3.0625,3.125,3.1875,3.375,2.75,3.0,3.0,3.25,3.0,3.0,2.75,2.5,2.5,3.25,2.5,3.25,3.25,3.25,3.0,3.25,3.0,3.25,3.25,2.75,3.5,3.5,3.25,3.25,3.5
Q025,3.1875,3.9375,2.625,2.5625,3.5625,3.9375,4.0,3.25,4.5,1.75,3.25,4.5,4.25,3.5,3.5,3.25,2.0,2.5,2.75,1.75,2.5,3.75,2.25,3.5,4.0,3.25,3.5,4.25,4.5,3.0,4.0
Q026,3.4375,2.6875,3.8125,4.375,4.6875,4.0,5.0,3.75,4.25,1.0,4.75,3.5,2.0,1.75,3.5,4.25,2.75,3.25,5.0,4.25,4.0,4.75,4.5,5.0,5.0,4.0,4.75,4.75,4.25,3.25,3.75
Q027,3.8125,1.75,2.5,3.5625,3.8125,1.1875,1.75,5.0,2.0,3.75,4.5,2.5,1.5,2.0,1.0,4.75,1.0,1.0,3.25,1.25,3.5,5.0,4.5,4.75,2.5,3.0,5.0,1.25,1.5,1.0,1.0
Q028,3.0,3.9375,3.5625,2.25,4.4375,2.75,4.75,2.5,3.75,1.75,4.0,4.75,3.25,3.5,4.25,4.0,2.25,4.25,3.75,2.0,2.25,2.5,2.25,5.0,4.25,4.75,3.75,3.25,2.25,1.75,3.75
Q029,2.8125,2.8125,3.375,2.75,3.3125,3.375,3.5,3.0,3.0,2.5,2.75,2.0,2.25,3.25,3.75,3.5,3.0,3.75,3.25,2.0,3.5,2.0,3.5,3.0,3.75,3.5,3.0,3.75,3.75,2.75,3.25
Q030,3.25,3.1875,2.9375,3.125,3.9375,2.8125,4.0,2.5,4.0,3.25,3.25,3.0,3.25,2.75,3.75,3.25,2.75,2.5,3.25,2.75,3.5,3.0,3.25,4.25,4.0,4.0,3.5,3.25,3.5,2.75,1.75
Q031,4.1875,3.75,4.3125,3.625,4.5625,4.5625,4.0,4.75,5.0,3.5,3.5,4.0,3.0,4.25,3.75,5.0,3.0,4.75,4.5,4.5,2.0,3.75,4.25,5.0,4.0,4.75,4.5,4.5,4.75,5.0,4.0
Q032,4.4375,3.4375,3.5625,4.3125,4.4375,2.6875,4.0,4.25,5.0,4.5,4.0,3.0,3.5,3.25,4.0,4.0,3.5,3.25,3.5,4.25,4.5,4.0,4.5,5.0,5.0,4.25,3.5,3.25,2.75,3.0,1.75
Q033,4.3125,3.375,4.3125,3.625,4.5,4.5625,5.0,4.5,5.0,3.5,4.25,4.0,2.0,3.0,4.5,4.25,4.25,4.25,4.5,3.5,3.0,4.5,3.5,5.0,4.5,4.5,4.0,4.75,4.75,4.75,4.0
Q034,4.75,4.3125,3.375,3.375,4.1875,3.6875,5.0,5.0,5.0,4.0,5.0,3.75,5.0,3.5,5.0,3.5,2.5,3.5,4.0,2.5,4.0,3.25,3.75,4.0,4.75,3.75,4.25,4.5,1.5,4.75,4.0
Q035,3.25,3.0625,3.75,3.25,4.3125,3.625,4.5,3.0,3.5,3.0,3.5,3.75,3.5,1.25,3.75,4.75,3.25,3.0,4.0,1.5,4.0,3.0,4.5,5.0,4.5,3.75,4.0,4.0,3.0,4.5,3.0
Q036,3.6875,3.5,3.4375,4.0,3.75,4.375,3.5,2.75,5.0,2.75,4.25,3.5,3.5,2.25,4.75,4.25,3.0,3.0,3.5,3.5,4.0,3.75,4.75,3.25,5.0,3.0,3.75,4.25,4.5,4.25,4.5
Q037,4.375,2.75,5.0,4.5,4.5,4.75,5.0,5.0,5.0,2.5,5.0,2.0,2.0,2.0,5.0,5.0,5.0,5.0,5.0,4.0,5.0,5.0,4.0,4.0,5.0,4.0,5.0,4.0,5.0,5.0,5.0
Q038,2.125,3.1875,1.6875,1.4375,3.5625,2.6875,1.25,1.5,1.0,1.5,4.5,4.0,5.0,2.5,1.25,2.75,1.25,1.0,1.75,1.25,1.75,1.75,1.0,3.75,2.5,4.5,3.5,3.25,1.5,4.0,2.0
Q039,5.0,3.75,3.0625,3.0,4.25,1.625,4.25,5.0,5.0,5.0,5.0,4.25,3.75,2.5,4.5,3.75,2.25,2.25,4.0,1.75,3.5,3.75,3.0,4.75,3.75,3.75,4.75,1.0,1.5,1.5,2.5
Q040,3.25,2.9375,3.125,3.1875,2.6875,3.0,3.0,3.5,3.5,3.5,2.5,2.75,2.75,3.5,2.75,3.25,3.5,3.25,2.5,3.25,3.0,3.25,3.25,3.5,2.75,2.25,2.25,2.75,3.5,2.5,3.25
Q041,2.75,3.5625,3.5,2.6875,4.5625,4.5,4.0,4.5,3.75,1.0,1.75,3.0,4.5,3.25,3.5,4.5,3.0,3.75,2.75,2.25,2.75,3.0,2.75,4.0,4.75,5.0,4.5,4.75,4.25,4.75,4.25
Q042,3.25,2.875,4.3125,3.625,4.75,4.5,5.0,3.0,5.0,2.0,3.0,2.5,3.0,2.0,4.0,4.5,3.5,4.25,5.0,3.0,4.5,3.25,3.75,5.0,4.0,5.0,5.0,5.0,4.0,4.5,4.5
Q043,3.75,1.75,3.625,2.9375,4.3125,2.8125,3.5,4.75,2.25,3.25,4.75,1.5,1.75,1.25,2.5,4.5,4.25,2.5,3.25,2.75,3.75,3.5,1.75,4.75,4.75,4.25,3.5,2.75,2.75,2.5,3.25
Q044,2.375,3.125,3.1875,2.9375,3.0,2.8125,3.0,2.5,2.0,2.25,2.75,3.5,3.0,2.5,3.5,3.25,3.0,3.75,2.75,2.75,4.0,2.0,3.0,3.0,3.5,3.75,1.75,3.0,2.75,2.75,2.75
Q045,3.5625,2.8125,3.0625,3.5625,2.8125,3.375,4.0,3.5,2.75,3.5,4.5,3.5,3.25,1.75,2.75,3.25,2.5,2.5,4.0,3.25,3.75,3.0,4.25,2.25,3.5,3.0,2.5,3.5,2.5,4.5,3.0
Q046,3.25,3.125,3.8125,3.875,4.375,3.8125,4.0,3.0,4.25,1.5,4.25,3.25,3.0,2.5,3.75,4.5,3.0,3.0,4.75,3.5,4.0,3.75,4.25,4.75,4.0,4.25,4.5,3.75,4.0,4.25,3.25
Q047,4.375,2.5625,4.5625,4.25,4.625,3.75,4.75,4.5,5.0,3.25,4.75,2.0,2.0,3.0,3.25,5.0,4.75,4.0,4.5,3.75,4.25,4.25,4.75,4.25,5.0,4.25,5.0,3.5,4.5,3.5,3.5
Q048,2.125,2.6875,2.375,2.8125,4.75,4.4375,2.25,1.25,2.5,1.5,3.25,3.75,2.0,2.5,2.5,3.25,1.0,1.75,3.5,1.5,3.75,2.5,3.5,4.75,4.5,4.75,5.0,4.75,4.5,4.0,4.5
Q049,2.3125,4.0625,2.625,1.625,3.25,4.75,4.5,3.0,1.25,2.5,2.5,3.75,4.75,3.0,4.75,2.75,3.5,2.75,1.5,1.0,1.75,1.75,2.0,2.25,3.0,4.25,3.5,4.25,4.75,5.0,5.0
Q050,3.1875,2.75,3.875,3.5625,3.9375,3.8125,3.75,2.75,4.0,2.0,4.0,2.5,2.25,3.0,3.25,4.0,3.5,4.0,4.0,2.75,4.0,3.75,3.75,3.5,4.25,3.75,4.25,3.75,4.25,4.25,3.0
Q051,2.25,3.6875,2.5625,2.4375,4.0625,3.375,4.0,1.0,1.25,3.25,3.5,3.0,4.25,4.0,3.5,2.25,1.75,3.0,3.25,1.0,2.0,3.5,3.25,4.75,3.25,3.75,4.5,3.75,4.75,2.0,3.0
Q052,3.4375,3.9375,2.5625,2.6875,2.5625,3.5625,4.5,2.5,5.0,2.0,4.25,4.25,4.25,3.0,4.25,2.0,2.25,3.25,2.75,3.0,3.25,2.75,1.75,2.25,2.75,3.0,2.25,4.0,4.0,2.75,3.5
Q053,2.4375,2.8125,4.125,3.25,4.625,4.375,4.25,2.5,3.0,2.0,2.25,3.0,3.0,2.0,3.25,5.0,4.0,3.5,4.0,3.0,3.0,3.0,4.0,5.0,5.0,4.0,4.5,5.0,4.0,4.0,4.5
Q054,2.875,2.6875,4.6875,3.6875,5.0,4.125,5.0,3.5,5.0,1.0,2.0,2.75,2.0,2.75,3.25,4.0,4.75,5.0,5.0,2.25,4.25,4.0,4.25,5.0,5.0,5.0,5.0,4.0,5.0,4.25,3.25
Q055,3.9375,3.9375,2.25,2.4375,4.3125,2.6875,4.75,3.5,3.25,4.0,5.0,4.25,4.5,2.0,5.0,4.0,1.25,1.5,2.25,1.75,2.75,3.0,2.25,4.25,4.0,4.5,4.5,3.25,2.75,2.25,2.5
Q056,3.5625,1.5625,4.25,4.25,4.875,3.375,3.0,5.0,5.0,1.75,2.5,1.25,2.0,1.0,2.0,4.75,5.0,3.0,4.25,4.25,4.0,4.0,4.75,5.0,5.0,4.5,5.0,3.5,5.0,2.75,2.25
Q057,2.875,2.375,2.75,3.1875,3.6875,3.125,3.0,2.75,3.25,2.0,3.5,2.75,2.75,1.75,2.25,3.5,2.75,2.25,2.5,3.75,3.0,2.75,3.25,3.5,3.5,3.5,4.25,2.5,3.75,3.5,2.75
Q058,3.9375,2.75,4.3125,3.75,4.0,3.75,4.25,4.75,4.75,2.5,3.75,2.5,3.0,2.75,2.75,4.5,4.25,4.0,4.5,4.25,3.0,4.0,3.75,4.25,4.25,3.25,4.25,4.5,3.0,3.75,3.75
Q059,4.0,3.5625,3.9375,3.875,4.5625,4.1875,4.75,4.0,5.0,3.0,4.0,4.25,2.25,3.5,4.25,4.0,3.5,4.0,4.25,3.5,3.25,4.5,4.25,4.75,4.0,4.75,4.75,4.5,4.75,4.25,3.25
Q060,2.25,3.3125,1.5625,2.0,3.6875,2.75,5.0,1.5,1.25,1.25,5.0,2.75,5.0,2.0,3.5,1.5,2.75,1.0,1.0,1.0,1.75,2.25,3.0,4.0,3.0,5.0,2.75,4.0,2.0,2.0,3.0
Q061,4.25,2.75,2.8125,3.4375,3.375,4.25,4.25,4.25,4.25,4.5,4.0,3.0,2.25,1.75,4.0,4.0,1.75,2.0,3.5,3.0,4.0,3.5,3.25,2.5,3.25,4.0,3.75,4.75,4.0,4.5,3.75
Q062,3.3125,2.3125,4.5625,4.375,3.875,4.875,5.0,3.25,5.0,1.75,3.25,2.25,1.5,1.5,4.0,4.5,5.0,4.25,4.5,3.25,4.5,4.75,5.0,3.5,5.0,3.5,3.5,4.75,5.0,5.0,4.75
Q063,3.375,2.9375,4.25,4.1875,4.375,3.1875,4.25,4.0,5.0,1.25,3.25,3.5,2.0,2.75,3.5,4.25,4.75,4.25,3.75,3.5,4.5,4.5,4.25,4.0,4.75,3.75,5.0,3.25,2.75,3.25,3.5
Q064,3.625,4.1875,3.625,4.125,4.625,3.6875,5.0,4.25,4.75,1.0,4.5,4.0,3.25,4.5,5.0,4.0,2.75,3.5,4.25,3.5,3.75,5.0,4.25,4.75,4.5,4.5,4.75,4.25,3.25,4.0,3.25
Q065,2.0,2.0625,2.75,3.8125,3.25,2.75,3.0,3.0,1.25,1.25,2.5,2.25,3.25,1.25,1.5,3.25,2.5,2.0,3.25,3.5,4.0,3.5,4.25,3.75,3.0,3.25,3.0,2.0,2.0,3.5,3.5
Q066,3.4375,2.375,4.25,3.4375,3.625,4.75,3.25,4.0,3.75,2.0,4.0,2.0,2.0,2.0,3.5,5.0,4.0,4.0,4.0,3.0,4.75,4.0,2.0,1.75,4.75,4.0,4.0,5.0,5.0,4.0,5.0
Q067,3.5,4.1875,2.5625,2.5625,4.25,2.4375,4.25,4.0,3.25,3.75,3.0,5.0,4.5,2.75,4.5,4.0,1.75,1.75,2.75,1.75,2.0,3.0,3.5,4.0,4.25,4.75,4.0,3.25,2.5,1.75,2.25
Q068,3.125,3.125,3.25,3.0,3.75,3.8125,4.75,3.25,4.0,2.25,3.0,3.0,2.5,3.25,3.75,3.25,2.75,3.75,3.25,3.0,3.25,2.0,3.75,4.0,3.0,4.0,4.0,4.5,3.0,4.0,3.75
Q069,3.4375,1.625,2.5,2.6875,2.5625,4.0625,1.75,4.0,3.25,2.25,4.25,1.25,1.5,1.75,2.0,2.75,4.0,1.5,1.75,2.25,3.5,2.5,2.5,2.5,3.0,2.75,2.0,4.0,4.0,4.5,3.75
Q070,4.6875,3.0625,3.3125,4.0,4.375,3.8125,5.0,4.5,4.75,5.0,4.5,3.0,2.0,3.75,3.5,4.25,2.75,2.0,4.25,3.25,4.25,4.0,4.5,5.0,4.25,4.0,4.25,4.25,4.0,3.5,3.5
Q071,3.0,3.1875,3.1875,3.4375,3.625,3.1875,4.25,3.5,4.0,1.75,2.75,3.25,3.5,2.75,3.25,4.25,2.25,3.25,3.0,2.5,2.75,3.75,4.75,3.5,3.75,3.75,3.5,4.25,3.75,2.0,2.75
Q072,3.25,3.375,1.4375,2.3125,3.0,4.0625,3.25,1.75,1.25,5.0,5.0,4.75,5.0,1.25,2.5,1.25,1.5,1.75,1.25,1.0,3.25,1.5,3.5,2.75,2.75,2.5,4.0,4.0,5.0,3.5,3.75
Q073,5.0,3.0,4.3125,4.3125,4.8125,4.4375,5.0,5.0,5.0,5.0,5.0,3.0,2.5,3.0,3.5,5.0,3.75,4.5,4.0,4.25,4.0,5.0,4.0,5.0,5.0,4.75,4.5,4.5,4.25,5.0,4.0
Q074,4.5,2.75,3.375,3.0625,3.6875,2.5625,4.0,3.5,5.0,5.0,4.5,3.5,4.0,2.0,1.5,4.25,3.25,3.5,2.5,1.75,3.25,3.0,4.25,4.5,3.75,2.5,4.0,3.5,3.0,1.0,2.75
Q075,3.875,1.6875,3.3125,2.25,3.75,4.0,3.0,4.0,3.75,3.5,4.25,2.0,2.25,1.25,1.25,4.5,4.25,1.5,3.0,2.75,1.5,1.75,3.0,3.25,4.0,3.0,4.75,3.0,5.0,3.75,4.25
Q076,2.875,3.0625,3.0,2.5625,3.4375,3.125,3.0,3.0,3.5,2.0,3.0,3.25,3.0,3.5,2.5,3.0,3.0,3.75,2.25,2.25,3.25,2.25,2.5,3.0,3.0,4.25,3.5,3.75,3.0,2.5,3.25
Q077,3.375,3.25,2.625,3.0625,4.0,4.375,4.5,2.0,3.75,3.5,4.25,4.0,4.75,1.75,2.5,3.0,2.0,3.0,2.5,1.25,3.75,2.75,4.5,4.75,3.0,4.25,4.0,5.0,3.75,4.5,4.25
Q078,4.25,3.1875,4.75,4.25,4.75,4.4375,5.0,4.75,5.0,2.5,4.75,3.25,2.0,3.5,4.0,5.0,4.25,5.0,4.75,3.75,4.25,4.75,4.25,5.0,4.75,4.25,5.0,4.75,4.75,5.0,3.25
Q079,3.3125,3.5,3.5,3.5625,3.875,3.3125,4.5,3.5,4.0,2.25,3.5,4.5,3.0,2.75,3.75,4.5,2.5,3.0,4.0,3.25,3.5,3.75,3.75,4.25,3.5,3.75,4.0,3.25,3.0,4.0,3.0
Q080,3.75,2.6875,3.0,3.9375,3.875,3.75,2.75,4.25,3.75,3.0,4.0,3.75,3.0,2.0,2.0,3.5,2.5,2.5,3.5,3.5,4.0,4.0,4.25,4.25,3.5,3.75,4.0,3.75,3.5,4.0,3.75
Q081,4.75,3.9375,3.1875,3.8125,4.6875,3.6875,5.0,5.0,5.0,4.0,5.0,3.5,4.25,3.5,4.5,4.25,2.25,2.75,3.5,3.25,4.5,3.25,4.25,4.75,4.5,5.0,4.5,4.0,2.75,4.0,4.0
Q082,3.1875,2.0,3.125,3.5,3.0,4.25,3.75,3.5,3.0,3.25,3.0,2.75,1.75,1.0,2.5,4.0,2.5,2.0,4.0,3.25,3.0,3.25,4.5,2.75,3.75,2.5,3.0,4.5,4.0,4.0,4.5
Q083,3.875,3.0,2.6875,3.6875,3.875,3.625,4.0,4.0,4.75,2.75,4.0,3.25,3.0,2.75,3.0,3.5,2.25,2.25,2.75,3.0,3.75,4.0,4.0,4.0,4.0,3.75,3.75,4.0,3.0,3.5,4.0
Q084,3.75,3.25,3.5,3.5625,4.25,3.1875,4.0,3.5,4.75,3.25,3.5,3.5,2.75,3.25,3.5,4.0,3.0,3.0,4.0,3.75,3.5,3.5,3.5,4.5,4.5,3.75,4.25,2.75,3.5,3.5,3.0
Q085,3.375,2.25,2.8125,3.5,4.5,3.3125,3.5,3.5,1.0,4.0,5.0,1.25,4.0,1.0,2.75,5.0,3.0,1.0,2.25,2.0,3.5,3.75,4.75,4.75,5.0,3.75,4.5,3.0,3.25,3.0,4.0
Q086,3.3125,2.0625,3.125,3.4375,4.1875,3.875,3.75,4.25,2.0,3.0,4.0,1.25,3.75,1.0,2.25,4.0,3.75,2.0,2.75,2.0,4.0,3.5,4.25,4.5,4.75,3.5,4.0,4.25,4.25,3.25,3.75
Q087,4.75,3.875,3.75,3.9375,3.6875,3.8125,4.5,4.0,5.0,5.0,5.0,3.25,4.0,3.75,4.5,4.25,3.75,3.0,4.0,3.0,4.5,3.25,5.0,3.25,5.0,2.0,4.5,4.0,3.25,3.5,4.5
Q088,3.75,3.625,4.5,3.125,4.5625,4.625,4.75,4.5,5.0,1.25,4.25,3.25,3.75,3.25,4.25,4.25,4.5,5.0,4.25,3.25,3.5,3.75,2.0,4.75,5.0,4.25,4.25,4.75,4.5,5.0,4.25
Q089,3.5625,3.5625,3.25,3.125,3.875,4.0625,4.0,3.75,3.5,3.5,3.5,3.5,3.0,3.5,4.25,2.75,2.5,3.75,4.0,2.5,3.0,3.5,3.5,3.0,5.0,4.0,3.5,4.0,4.25,4.75,3.25
Q090,4.25,4.125,3.625,3.0625,3.9375,4.375,4.75,4.5,4.25,3.75,4.5,4.0,4.5,3.75,4.25,4.0,4.0,3.0,3.5,2.75,3.25,3.0,3.25,4.25,4.5,3.5,3.5,5.0,4.0,4.25,4.25
Q091,3.0625,3.75,2.0625,3.0,3.6875,4.5625,3.25,3.25,2.75,2.75,3.5,4.5,3.75,2.25,4.5,3.0,1.5,1.5,2.25,1.5,3.25,3.75,3.5,2.75,3.5,4.0,4.5,4.5,4.5,4.75,4.5
Q092,2.8125,2.9375,3.75,3.4375,3.5,3.9375,2.25,3.25,2.5,2.25,3.25,3.5,1.75,3.0,3.5,4.0,3.75,3.75,3.5,2.75,3.75,3.25,4.0,3.75,4.5,2.5,3.25,3.75,4.5,4.5,3.0
Q093,4.4375,4.0,3.625,3.5625,3.9375,3.4375,4.75,4.5,5.0,3.25,5.0,3.75,4.25,3.75,4.25,4.25,3.0,3.75,3.5,3.5,3.75,3.25,3.75,3.25,4.5,4.25,3.75,2.75,4.0,3.5,3.5
Q094,4.0,3.3125,3.0,3.625,3.3125,3.0625,4.25,3.75,4.5,3.5,4.25,3.25,3.5,2.75,3.75,3.25,2.25,3.0,3.5,3.5,3.75,3.25,4.0,3.75,3.5,2.75,3.25,3.25,3.25,3.0,2.75
Q095,2.375,2.875,3.625,3.1875,3.625,3.625,3.0,2.5,3.0,1.5,2.5,3.5,2.0,2.5,3.5,2.5,4.0,4.5,3.5,2.25,4.0,2.5,4.0,2.5,3.5,3.5,5.0,2.5,3.5,3.5,5.0
Q096,3.875,3.5625,2.1875,3.1875,3.75,3.1875,4.0,3.75,3.25,4.0,4.5,4.25,3.75,2.75,3.5,2.25,1.75,2.0,2.75,3.5,3.75,3.25,2.25,3.75,3.5,3.5,4.25,4.25,3.25,2.0,3.25
Q097,3.0625,3.375,3.125,3.0,3.6875,4.3125,3.5,3.25,3.25,2.5,3.25,4.0,3.5,2.75,3.25,3.75,2.75,2.5,3.5,2.5,3.0,3.25,3.25,3.75,3.5,4.25,3.25,4.0,4.75,4.75,3.75
Q098,2.875,4.375,1.9375,2.375,3.625,4.3125,3.5,3.0,3.75,1.25,3.5,4.25,4.75,4.25,4.25,2.25,1.75,2.25,1.5,2.0,3.0,2.75,1.75,3.0,3.75,4.5,3.25,5.0,3.5,4.5,4.25
Q099,1.8125,2.8125,2.875,2.0625,3.75,3.0625,2.0,3.0,1.0,2.0,1.25,2.75,2.75,3.5,2.25,3.75,3.5,1.25,3.0,1.0,1.75,3.5,2.0,3.0,4.0,3.75,4.25,3.5,3.5,1.25,4.0
Q100,2.625,3.375,3.375,3.0625,3.5,3.1875,3.25,3.0,3.0,1.5,3.0,3.0,3.5,3.25,3.75,3.25,3.75,3.5,3.0,3.0,3.0,2.25,4.0,3.75,3.75,4.0,2.5,3.0,3.25,3.0,3.5
