qarin_id,h001,h002,h003,h004,h005,h006,h007,h008,h009,h010,h011,h012,h013,h014,h015,h016,h017,h018,h019,h020,h021,h022,h023,h024,h025,h026,h027,h028,h029,h030,h031,h032,h033,h034,h035,h036,h037,h038,h039,h040,h041,h042,h043,h044,h045,h046,h047,h048,h049,h050,h051,h052,h053,h054,h055,h056,h057,h058,h059,h060,h061,h062,h063,h064,h065,h066,h067,h068,h069,h070,h071,h072,h073,h074,h075,h076,h077,h078,h079,h080,h081,h082,h083,h084,h085,h086,h087,h088,h089,h090,h091,h092,h093,h094,h095,h096,h097,h098,h099,h100
Q001,2,4,3,4,1,3,5,5,3,3,5,5,4,5,3,5,2,1,1,3,3,3,1,5,1,5,3,4,5,5,5,5,3,4,1,1,4,1,4,2,5,5,5,1,3,2,4,4,2,1,5,5,1,2,1,3,4,2,1,3,3,5,3,4,3,4,4,3,4,4,4,4,4,3,5,5,5,5,1,1,1,5,5,1,3,4,3,3,5,5,1,5,3,5,5,1,5,5,1,3
Q002,1,5,2,5,5,1,4,5,1,5,4,1,5,5,4,5,5,4,2,1,2,2,5,5,2,4,4,3,1,5,4,5,3,1,1,1,5,1,3,4,4,4,3,1,3,4,4,5,5,1,5,5,5,1,3,1,3,1,4,5,5,5,1,1,5,4,2,4,3,4,5,1,4,1,1,1,2,5,1,1,4,5,5,1,2,1,2,4,2,4,4,1,2,4,3,4,4,4,1,3
Q003,2,4,2,4,5,4,4,4,1,4,4,1,4,5,1,4,1,1,1,1,1,1,4,3,2,5,2,4,1,1,4,5,3,1,2,1,4,1,4,2,4,2,3,1,2,4,5,4,2,1,5,4,5,4,2,1,4,1,4,4,2,5,2,1,4,4,2,4,3,1,5,1,4,1,4,1,1,2,1,1,2,4,5,1,2,2,4,1,4,4,1,1,1,1,1,1,4,4,1,1
Q004,1,4,3,4,4,3,4,4,1,3,3,1,3,3,2,1,3,4,3,4,2,2,4,5,1,3,3,4,3,5,5,4,4,3,1,1,3,2,2,2,2,2,3,2,2,3,4,3,4,3,5,3,5,3,1,1,2,1,1,5,4,4,2,3,4,2,3,3,3,4,5,2,5,2,3,3,3,5,2,1,3,4,4,1,1,2,3,3,3,2,3,3,2,3,2,2,5,3,1,1
Q005,2,3,5,2,4,1,2,2,2,5,4,2,4,2,2,5,2,5,2,2,1,1,1,5,2,4,5,3,4,5,3,2,4,1,3,2,5,2,3,1,5,1,3,2,5,1,2,5,4,2,5,3,2,1,3,4,5,1,5,4,2,4,2,1,2,1,2,5,5,4,2,1,4,2,2,4,4,5,3,3,4,5,3,2,4,2,3,1,4,1,1,2,1,5,4,1,2,2,2,3
Q006,2,4,4,4,4,2,4,4,3,2,4,1,2,4,4,2,3,3,2,2,2,4,4,4,2,4,4,4,1,4,4,4,2,3,3,1,4,2,3,4,4,3,3,2,3,4,4,4,4,2,4,3,4,2,3,2,4,3,4,4,4,4,2,4,4,2,4,4,4,2,4,2,4,4,3,1,4,5,2,4,4,4,4,1,2,2,2,3,4,3,2,4,2,2,3,2,4,4,1,2
Q007,5,2,4,4,5,5,1,1,4,5,5,5,5,5,4,5,4,1,5,2,1,1,1,5,5,5,5,5,4,1,1,4,4,1,1,1,1,1,4,4,5,5,5,1,2,3,1,5,1,1,4,5,5,5,4,1,4,4,1,1,1,5,4,1,5,5,3,5,5,4,4,1,1,1,2,4,5,1,5,5,4,5,5,5,1,1,5,1,2,5,1,1,1,4,5,1,5,1,1,1
Q008,1,5,3,5,5,2,4,5,1,1,2,2,1,4,2,2,4,3,1,1,1,4,4,4,2,5,3,5,3,4,4,4,3,4,2,4,5,1,1,4,4,5,4,2,2,4,5,3,4,1,4,1,3,2,1,1,3,4,2,4,5,4,1,5,5,4,4,4,4,1,5,2,4,1,3,1,2,4,2,1,2,2,4,1,1,4,2,4,1,4,4,4,4,1,1,2,5,5,1,1
Q009,1,4,4,5,4,2,5,5,3,1,1,1,1,3,1,5,4,1,1,2,2,4,4,4,1,4,5,5,1,4,5,4,2,4,5,1,5,2,5,3,3,4,3,1,2,4,5,1,5,1,5,3,4,1,1,1,3,5,3,5,5,5,2,5,5,5,5,3,4,5,2,1,5,2,5,1,4,5,1,3,4,1,4,1,1,3,1,4,5,5,1,4,4,1,2,1,5,5,5,4
Q010,1,3,2,5,3,2,2,5,2,1,4,3,2,4,3,2,4,1,1,1,1,3,3,3,1,5,3,4,1,3,5,4,4,4,3,2,1,1,4,4,3,5,3,2,4,4,3,4,5,1,4,4,4,3,2,1,4,4,4,3,3,4,2,4,4,5,4,4,4,2,3,2,4,1,3,1,3,3,3,4,4,4,3,3,1,4,2,2,3,2,2,2,2,2,2,2,4,4,2,2
Q011,2,5,2,1,2,2,2,5,4,4,5,4,5,4,4,5,4,2,1,2,4,2,4,5,2,4,2,3,2,5,4,4,2,1,1,1,1,1,3,1,2,4,3,1,1,2,4,1,1,1,5,5,5,2,4,2,2,1,1,3,4,4,4,1,5,3,2,3,2,2,2,2,4,1,5,5,1,4,1,4,2,5,5,1,2,4,4,1,2,2,3,2,4,5,1,1,4,3,1,2
Q012,4,3,3,4,4,4,3,2,4,4,4,3,2,4,3,4,3,2,4,4,4,3,2,3,3,4,4,3,3,4,3,2,2,4,4,3,2,3,3,4,4,3,4,3,3,4,3,4,5,3,4,3,2,3,4,5,4,3,3,4,4,3,3,4,3,2,4,4,4,2,4,3,4,4,3,3,4,4,2,3,4,3,3,4,3,2,4,4,3,2,4,3,3,3,4,3,3,4,3,3
Q013,2,5,2,4,1,5,5,4,3,1,2,5,3,4,4,3,1,2,3,2,3,4,2,4,3,4,2,2,5,1,5,5,4,3,4,4,4,2,1,4,5,4,4,2,1,4,3,4,5,1,5,2,1,5,1,1,2,4,2,1,3,4,2,2,2,4,3,4,4,2,2,3,4,1,5,1,5,1,1,1,2,3,3,5,3,4,5,3,3,5,2,2,5,2,4,3,3,2,4,4
Q014,2,2,2,2,4,2,1,4,4,4,5,2,4,5,5,2,2,4,4,1,4,1,4,5,2,4,2,3,1,4,2,4,2,3,1,4,5,2,2,2,5,1,3,1,1,2,5,5,4,4,5,4,4,2,4,2,3,3,1,4,4,4,4,1,1,2,4,5,2,3,5,1,5,4,5,4,4,4,1,2,2,5,5,4,1,4,4,2,5,1,3,1,4,4,1,1,5,4,4,4
Q015,1,4,5,5,1,1,5,5,1,1,1,1,1,5,1,1,5,1,1,1,1,3,1,1,1,5,5,4,1,5,4,4,4,4,4,1,5,1,4,5,4,4,1,1,5,5,5,5,5,1,5,1,1,1,1,1,5,4,5,5,5,5,1,5,5,5,3,5,5,1,5,1,1,1,1,1,1,5,1,1,5,5,1,1,1,5,1,3,4,5,1,1,1,1,1,1,5,5,1,1
Q016,3,5,2,5,5,4,5,5,2,1,2,1,2,3,3,2,2,2,1,1,2,4,1,3,3,5,4,5,5,5,4,5,2,2,5,1,5,1,3,3,4,2,4,1,2,5,4,4,5,1,5,5,5,2,1,1,4,4,4,4,4,5,2,2,4,3,2,5,4,2,4,2,4,1,4,1,1,4,1,1,2,4,4,1,1,4,3,3,4,4,2,3,4,4,4,2,5,4,5,3
Q017,2,2,2,4,5,2,4,2,2,5,5,1,4,5,3,4,3,4,3,2,1,1,5,5,1,4,2,4,2,4,5,2,3,3,1,1,5,1,3,2,2,3,4,1,1,2,5,5,3,4,5,3,4,2,2,3,4,1,1,4,5,5,2,1,4,2,4,4,4,2,5,2,5,2,5,4,2,5,1,4,4,5,5,1,3,2,1,2,3,3,1,4,4,5,1,1,5,5,2,4
Q018,3,5,1,3,5,3,3,5,1,3,5,1,4,5,5,3,5,1,1,1,5,3,5,5,3,5,3,4,1,5,1,5,4,3,1,1,5,1,3,3,1,3,3,1,1,2,5,3,1,1,5,5,5,1,2,1,1,3,1,5,5,5,5,1,5,3,5,4,1,3,5,1,2,1,5,5,1,5,2,1,5,5,5,1,1,5,5,3,1,3,1,1,5,3,1,1,5,2,1,3
Q019,1,5,5,4,4,1,4,5,1,2,2,1,2,3,1,4,5,2,1,1,1,4,5,5,1,5,4,4,2,5,4,5,4,3,1,1,4,1,5,4,1,4,5,1,2,4,5,4,5,1,2,3,5,1,2,1,5,2,4,4,4,5,2,5,5,3,2,5,2,2,4,1,3,1,2,2,1,1,2,1,4,2,4,1,2,4,2,5,1,4,1,2,1,1,2,2,5,4,1,1
Q020,1,5,5,5,1,1,5,5,1,1,5,5,1,5,1,1,1,1,1,1,1,5,5,5,3,5,5,5,5,1,5,5,5,5,5,5,5,1,5,5,5,2,5,1,5,5,5,5,5,1,5,1,1,5,1,1,5,5,1,1,5,5,1,5,1,5,5,5,5,1,5,1,5,1,2,4,5,5,1,4,5,1,5,5,1,5,1,5,5,1,1,3,1,1,5,1,5,3,1,1
Q021,2,5,3,4,5,4,5,5,5,2,5,1,4,5,4,5,1,2,1,2,4,2,4,5,1,4,1,4,1,5,3,5,4,1,1,1,4,1,4,1,4,1,3,1,1,2,5,5,2,1,5,5,5,1,3,1,5,1,1,5,4,5,2,1,4,1,4,4,2,4,4,1,4,1,5,5,1,5,5,1,2,5,5,1,1,5,4,1,2,1,3,2,2,4,2,1,5,5,1,2
Q022,1,4,3,4,4,2,3,4,2,5,5,1,4,4,2,4,4,2,2,3,1,4,3,5,1,4,4,4,2,5,2,4,4,2,2,2,4,2,3,3,4,4,4,2,2,5,2,5,4,2,5,3,2,2,2,2,3,2,4,3,5,4,2,3,3,2,4,4,4,2,4,1,4,2,4,2,3,4,3,2,4,5,5,1,1,2,2,2,4,3,2,3,2,2,3,1,5,5,1,1
Q023,2,4,1,5,4,1,5,5,1,1,3,1,2,4,3,1,2,2,1,1,1,4,2,1,1,5,3,4,2,5,3,5,3,4,4,1,5,1,3,4,4,3,3,1,1,4,2,5,3,2,4,1,1,1,1,3,3,4,1,3,5,4,3,3,3,2,5,4,4,1,5,3,3,3,4,1,1,5,1,1,1,2,4,1,1,4,5,5,2,3,3,3,3,1,1,1,5,5,3,1
Q024,2,3,2,4,2,4,2,4,1,3,2,1,3,2,3,2,2,3,3,2,2,3,2,3,2,4,3,2,3,2,4,2,3,2,3,2,4,2,3,2,3,2,3,2,2,2,3,2,4,3,2,3,2,1,3,2,1,3,2,1,2,3,2,4,3,2,4,2,3,2,2,3,2,3,2,2,1,3,2,3,3,4,2,4,2,2,3,3,4,4,2,2,3,2,3,2,2,3,2,4
Q025,1,4,1,3,4,4,4,4,4,3,4,1,3,3,2,2,4,1,1,1,3,2,4,4,1,2,2,4,2,4,4,4,2,2,1,1,3,2,4,2,2,4,3,2,1,3,4,2,3,1,4,2,5,2,1,2,5,1,2,3,3,3,1,1,4,4,3,3,2,3,4,2,4,3,4,4,1,3,1,2,1,4,4,1,3,3,4,3,4,4,1,4,3,3,4,3,5,4,4,1
Q026,1,5,5,5,4,1,4,5,3,2,1,3,2,4,1,4,1,1,1,1,1,5,4,4,1,5,5,4,4,2,4,5,4,3,4,1,3,1,4,4,5,5,4,1,3,5,4,5,4,1,4,3,4,2,2,1,5,3,5,4,3,4,1,3,3,5,3,5,5,1,5,1,5,1,1,1,2,4,1,1,4,5,4,1,3,3,1,4,4,5,3,2,1,1,5,1,5,5,1,1
Q027,4,5,2,5,2,1,1,2,1,5,1,5,5,4,1,5,1,2,5,1,1,2,1,4,5,5,1,4,1,5,1,1,4,1,4,2,1,4,5,1,5,2,1,1,3,4,1,4,1,1,5,1,2,1,4,1,3,1,4,1,1,4,1,1,1,1,1,5,5,1,1,1,1,2,5,1,5,5,4,4,2,5,1,4,5,2,1,1,1,2,5,1,1,4,5,1,2,2,4,5
Q028,2,5,2,4,5,4,4,4,5,2,4,5,5,4,5,1,4,1,3,2,3,4,5,4,5,5,4,5,2,4,1,5,2,2,2,1,1,1,4,5,4,5,4,1,1,4,4,3,4,1,5,3,5,4,3,2,4,2,5,4,4,5,3,4,4,3,4,1,4,2,4,2,4,1,5,2,1,2,5,2,2,5,4,1,5,5,4,3,2,4,2,1,5,3,2,1,5,5,1,2
Q029,1,5,1,5,1,4,5,5,5,5,4,4,5,4,5,4,5,4,3,5,4,5,4,3,4,5,4,5,4,4,5,5,5,5,4,4,4,5,4,5,5,4,5,2,5,5,5,4,5,5,5,4,4,3,2,3,3,4,5,4,5,5,4,4,4,5,4,5,4,5,5,4,3,5,4,4,5,3,5,4,5,4,2,2,5,4,5,4,3,3,5,4,3,4,5,4,4,5,3,4
Q030,3,5,2,4,3,3,4,4,2,4,4,1,3,4,4,4,3,3,5,3,3,4,3,4,1,4,3,3,4,3,5,4,4,3,3,1,1,1,3,3,4,4,2,3,3,4,4,1,1,1,4,4,3,3,3,3,4,4,3,3,3,4,2,3,3,2,2,4,4,3,4,2,4,3,2,2,2,1,4,1,2,4,3,3,2,3,3,2,3,2,4,2,3,4,2,2,4,4,2,2
Q031,1,5,5,5,5,1,5,5,5,5,5,1,1,5,1,1,5,3,1,1,1,5,1,5,1,5,5,5,1,5,5,3,1,3,1,1,5,1,1,5,3,3,3,1,5,5,5,1,5,1,3,1,3,1,1,1,4,3,5,5,5,5,2,5,5,3,3,5,3,1,5,2,3,1,1,1,3,4,2,3,2,1,1,1,1,4,1,4,2,1,1,3,2,3,2,2,4,5,4,1
Q032,3,5,5,5,3,3,2,5,1,2,3,1,3,5,2,2,3,5,5,3,1,5,3,5,2,5,5,5,5,4,5,5,5,3,3,1,5,1,3,3,2,2,2,2,3,3,5,5,2,1,4,3,3,1,3,1,3,3,2,5,3,5,1,3,3,2,2,4,5,3,4,3,4,1,1,3,1,5,5,1,5,2,4,1,5,2,2,3,3,1,4,3,1,3,2,3,5,5,1,5
Q033,1,5,4,5,5,1,4,4,4,1,1,1,2,4,1,4,4,2,1,1,2,4,4,4,2,5,5,5,3,5,5,5,2,4,2,1,5,1,5,5,4,2,3,3,2,5,4,4,5,1,5,4,4,2,1,1,4,4,5,5,5,5,2,5,4,2,3,4,4,2,5,2,5,1,2,1,2,4,1,2,4,2,2,1,1,4,2,5,4,2,1,2,2,1,1,1,5,5,1,1
Q034,1,3,3,4,5,1,2,5,1,3,5,1,2,5,1,1,3,1,1,3,1,3,5,5,1,3,3,4,2,5,1,4,4,2,1,1,5,1,1,3,3,1,5,1,1,4,5,5,5,1,4,2,3,1,4,1,3,4,1,5,5,4,2,4,4,1,1,5,4,1,5,1,3,1,4,4,3,5,5,1,4,5,5,1,1,1,3,2,2,1,1,2,1,2,1,1,5,5,1,1
Q035,2,5,2,4,3,4,2,5,2,5,2,2,3,3,2,3,1,4,5,3,1,2,2,3,2,5,1,5,1,2,3,4,4,4,3,1,5,2,2,2,5,4,2,1,3,4,4,4,3,1,5,1,3,2,4,2,4,4,1,3,5,4,2,2,2,3,4,4,5,1,4,2,5,1,4,1,2,4,1,1,4,2,4,4,1,4,4,5,5,3,1,2,1,1,1,3,4,4,1,1
Q036,1,3,4,3,5,1,4,5,2,4,3,1,3,2,4,2,3,2,2,1,1,4,5,4,4,4,5,5,2,1,4,5,2,5,2,1,5,1,4,3,5,3,5,3,4,4,5,4,5,3,3,1,1,2,1,1,5,3,3,5,5,2,1,2,3,3,4,4,5,2,4,2,5,3,4,2,2,1,1,1,5,4,4,1,2,3,2,3,4,3,1,3,1,4,1,1,5,5,5,3
Q037,1,5,5,5,5,1,5,5,1,1,5,1,1,5,1,1,1,5,1,1,1,5,5,5,5,1,5,5,5,5,5,5,5,5,5,1,5,1,5,5,5,5,5,1,1,5,5,5,5,1,5,1,1,1,1,1,5,5,5,5,5,5,1,5,5,5,5,5,5,1,5,1,5,1,1,1,5,5,1,1,5,1,1,1,1,1,1,5,5,3,1,1,1,1,1,1,5,5,1,1
Q038,4,2,2,2,5,4,1,2,4,4,5,5,3,4,4,5,4,1,4,3,5,1,1,5,3,3,1,3,3,1,1,4,2,1,1,5,5,1,2,1,3,5,1,3,1,1,1,3,5,1,5,2,5,4,3,5,1,1,1,1,4,4,4,1,2,3,1,3,1,2,2,1,3,1,5,4,3,1,5,3,2,5,5,5,2,5,5,1,5,5,2,1,5,5,5,1,1,2,5,5
Q039,5,4,1,4,5,1,2,3,2,3,4,1,5,5,2,2,1,5,1,1,1,3,4,5,5,5,2,4,1,5,1,3,4,3,2,1,3,2,4,2,4,1,3,2,1,4,4,5,1,1,4,4,4,1,4,2,3,2,4,5,1,4,2,2,3,1,1,5,3,1,5,1,1,1,4,1,3,5,5,1,3,5,5,1,5,2,3,1,2,1,5,1,3,2,1,1,4,3,1,1
Q040,4,4,3,4,1,2,4,5,2,2,3,2,4,2,4,4,2,4,2,4,4,2,3,3,4,4,4,2,3,4,3,2,3,3,4,2,4,4,3,2,1,3,2,4,2,2,4,2,4,2,4,1,3,3,2,4,2,3,4,2,2,4,2,5,3,4,3,2,4,2,2,4,3,4,2,4,2,3,3,4,3,2,4,2,4,1,2,4,2,1,2,3,1,4,4,3,3,3,4,2
Q041,1,3,3,4,2,2,5,5,4,2,4,4,2,5,3,3,2,1,2,2,2,2,3,1,1,4,2,4,3,5,5,5,3,3,1,2,5,1,5,5,4,5,5,1,2,1,4,2,5,1,4,1,3,1,2,1,3,2,1,4,5,5,3,3,4,5,3,4,2,1,4,5,4,2,4,1,2,4,3,2,3,3,4,1,1,5,5,4,1,5,1,1,3,3,3,3,4,4,3,1
Q042,1,5,1,5,3,5,5,5,1,3,1,1,3,5,2,2,1,1,1,1,2,5,3,5,1,5,5,5,5,5,5,5,5,5,1,1,5,1,3,3,5,5,5,1,5,5,3,3,5,1,5,3,5,5,1,1,3,5,1,5,5,5,1,5,5,5,3,5,1,1,5,5,5,1,1,1,5,5,5,5,5,5,1,1,1,5,5,5,5,1,1,1,1,1,1,3,5,5,1,1
Q043,3,5,3,4,2,1,2,4,1,1,2,4,4,4,2,2,1,4,3,2,5,2,1,5,4,4,3,5,5,4,4,5,4,4,5,4,3,1,4,1,5,3,4,2,2,4,3,5,2,1,5,1,1,1,2,1,4,4,4,3,3,5,2,1,2,4,2,2,2,2,4,1,4,1,2,2,4,5,5,1,2,2,2,4,4,3,4,4,5,2,2,2,4,3,4,2,4,4,3,3
Q044,5,5,4,5,5,4,5,5,5,4,4,5,5,4,4,4,3,5,4,5,4,5,5,4,3,5,3,5,4,4,4,4,5,4,4,5,5,3,2,4,4,5,4,5,4,4,4,5,4,5,4,5,4,5,5,4,5,5,4,5,4,5,4,4,4,5,4,3,4,5,4,5,4,5,4,4,3,3,5,3,5,5,4,5,5,3,4,5,5,4,5,4,4,5,5,5,4,5,4,5
Q045,2,3,4,3,4,2,2,4,2,3,2,3,1,3,4,4,2,4,5,3,1,5,3,4,2,2,3,4,2,3,2,3,4,2,3,4,4,2,4,2,5,2,4,3,4,3,3,5,3,4,3,4,3,3,2,3,4,2,2,3,4,3,4,3,2,3,4,2,4,2,3,1,3,4,3,2,3,4,4,2,3,3,4,3,1,2,2,3,4,3,3,4,2,2,4,2,4,4,2,2
Q046,2,5,4,5,4,2,4,4,2,2,4,1,3,4,2,4,4,2,2,2,1,5,3,4,4,5,4,5,3,2,4,4,4,3,3,1,4,1,4,3,4,5,4,1,4,5,4,4,5,1,4,3,4,1,2,2,4,3,4,2,5,4,2,4,2,4,3,4,3,1,4,2,4,2,2,1,4,1,2,2,4,4,3,1,1,4,3,3,4,5,4,1,1,2,2,1,5,5,5,1
Q047,1,5,4,5,1,2,4,5,2,1,2,1,2,4,2,2,3,3,2,1,1,4,3,4,3,5,4,5,2,5,4,5,4,4,4,1,3,1,4,4,4,3,4,1,4,5,4,5,3,1,3,1,2,2,1,1,4,5,4,5,4,4,1,4,3,2,2,5,5,1,4,1,3,4,2,1,5,5,1,1,5,1,2,1,3,4,2,4,2,3,2,1,1,2,4,1,5,4,1,1
Q048,1,5,2,4,5,5,4,5,1,5,1,5,3,5,5,4,3,1,2,1,1,3,3,4,1,5,2,4,2,1,5,4,3,1,5,3,5,1,4,3,5,5,4,1,1,3,3,3,4,1,5,5,3,5,1,1,4,1,4,3,4,5,3,1,3,4,5,5,5,1,3,3,5,2,5,2,3,2,2,2,3,5,4,3,2,4,4,1,3,4,1,1,3,3,5,3,3,3,5,4
Q049,2,2,1,2,3,3,5,3,4,1,5,5,1,5,4,4,4,1,1,1,4,1,4,3,3,4,1,4,2,3,5,3,1,3,1,4,5,2,2,4,3,4,5,3,1,1,5,3,5,4,5,3,3,2,2,4,2,4,1,1,5,4,4,2,3,1,5,3,3,4,5,4,5,5,5,4,1,2,1,2,2,4,4,5,1,4,5,3,4,4,1,3,4,4,1,4,5,4,1,2
Q050,2,4,3,4,2,4,4,4,2,2,2,2,2,4,2,2,2,3,4,2,2,4,2,4,2,2,3,4,2,3,4,4,4,4,4,2,5,2,4,4,4,5,4,1,3,4,4,4,3,2,4,2,2,4,1,1,4,2,4,4,4,5,2,4,4,4,2,4,4,2,3,2,4,2,3,2,4,4,2,2,4,2,3,2,2,2,3,4,2,4,2,2,2,2,2,2,4,3,2,2
Q051,2,5,1,3,3,5,5,3,2,3,4,5,4,5,1,2,4,1,3,1,1,1,2,3,1,4,1,3,3,1,5,5,2,1,3,4,1,2,3,4,1,1,3,1,1,4,4,3,1,1,5,5,4,5,2,2,1,1,1,1,3,4,1,1,5,4,1,3,5,2,5,3,5,1,5,4,4,1,1,5,1,4,5,5,4,2,5,3,4,1,1,1,4,2,3,1,5,5,5,1
Q052,2,2,4,1,4,4,4,3,2,2,4,1,3,2,2,3,2,2,3,3,4,2,4,5,4,4,3,4,1,2,5,2,3,2,1,1,2,2,2,4,3,4,3,4,1,3,4,5,5,4,4,4,4,3,3,4,4,2,2,5,4,4,3,4,4,4,4,2,2,2,4,1,5,5,3,5,2,3,2,2,2,5,4,1,4,2,4,2,3,4,2,4,4,4,1,4,4,4,1,1
Q053,1,5,5,5,1,5,5,5,5,1,5,5,5,5,5,4,5,1,1,1,1,5,1,1,1,5,5,5,1,1,5,5,5,5,5,5,5,5,5,5,5,3,5,1,5,5,5,3,5,1,5,1,1,1,1,1,1,5,1,5,5,5,5,5,1,3,5,5,5,1,5,4,5,1,5,1,1,3,5,1,5,5,1,1,1,5,1,2,5,5,3,3,5,5,4,3,3,5,1,2
Q054,1,5,1,5,4,5,5,5,1,2,2,1,4,5,1,1,4,1,4,1,1,5,1,1,1,5,5,5,1,5,5,5,4,5,5,1,5,1,5,5,5,5,5,1,5,5,5,5,5,1,5,5,1,3,1,1,4,5,5,5,5,5,1,5,5,5,1,5,5,1,5,5,1,1,4,1,5,5,1,1,4,1,4,1,1,5,5,5,5,5,1,1,4,1,4,5,5,5,1,1
Q055,2,2,2,3,4,2,4,3,2,4,4,4,5,5,2,4,2,1,2,2,2,1,5,5,5,5,2,4,1,1,2,4,4,1,1,1,2,1,2,1,4,1,4,1,1,2,5,5,4,1,5,2,4,1,5,2,1,1,2,4,4,4,2,1,2,1,1,4,2,2,5,1,4,1,4,1,2,4,2,1,2,5,5,4,4,4,4,2,4,1,5,1,4,4,1,1,5,4,1,1
Q056,4,5,5,4,1,1,5,5,1,1,1,1,1,5,1,1,1,2,5,1,1,4,1,2,4,5,5,5,4,5,5,5,5,5,1,1,1,1,4,4,5,5,1,1,4,5,4,4,5,1,4,1,1,1,1,1,1,5,5,5,1,4,1,2,1,4,2,5,5,1,1,4,5,1,1,1,5,5,1,1,5,1,1,1,2,4,4,1,5,4,1,1,1,3,4,4,1,1,1,1
Q057,3,3,4,2,2,3,3,3,2,2,2,4,3,3,4,3,1,1,3,2,2,1,1,3,4,3,4,3,2,2,4,3,3,2,3,1,4,1,2,3,4,4,3,1,2,3,2,3,2,2,3,2,2,3,2,2,3,2,2,3,3,4,2,1,2,3,2,4,3,2,4,2,3,2,2,1,3,3,2,2,2,3,2,3,2,2,3,2,4,4,3,2,2,4,4,2,3,2,2,3
Q058,1,4,4,5,1,1,1,4,1,1,2,1,1,1,1,1,3,1,1,1,1,5,1,4,1,5,5,5,1,5,2,4,1,4,2,1,4,2,4,4,4,4,2,2,4,5,4,3,4,2,2,2,2,1,2,2,4,4,2,5,4,4,1,3,4,2,4,4,2,2,2,2,4,2,2,2,4,4,1,1,2,2,2,2,4,4,4,4,4,3,2,2,2,2,2,2,4,4,1,2
Q059,1,4,4,4,5,1,4,4,3,2,2,1,3,5,1,2,4,3,3,1,1,4,4,5,1,5,3,4,2,5,5,4,3,4,4,1,4,1,4,4,3,4,3,1,4,5,4,5,4,1,4,3,4,1,1,1,4,4,5,5,5,4,1,4,4,3,3,5,3,1,4,3,4,1,1,1,2,1,1,3,3,4,4,1,1,5,2,4,3,2,2,2,1,3,1,3,4,5,1,1
Q060,1,5,1,1,1,3,1,1,5,1,5,5,3,5,5,5,1,1,3,3,2,1,1,5,1,1,1,3,3,1,1,5,2,1,1,4,3,1,5,1,4,5,1,3,5,1,5,5,1,1,5,5,2,5,1,1,1,4,1,1,1,5,5,1,4,4,3,4,2,5,5,1,5,1,5,5,1,1,5,5,3,5,5,5,5,5,4,1,5,5,1,5,5,5,3,1,5,5,1,1
Q061,1,3,4,4,3,3,4,3,2,4,3,2,2,4,2,3,2,5,2,2,2,3,4,4,1,3,3,4,2,5,3,3,4,2,4,1,5,1,3,2,5,2,4,2,2,4,4,4,4,4,4,3,3,2,2,2,4,2,4,4,4,4,2,1,2,1,3,4,4,2,4,2,5,4,3,1,4,5,1,3,4,5,2,2,1,3,3,2,4,2,2,3,3,3,2,2,5,4,2,2
Q062,1,3,1,4,2,3,5,5,1,1,1,1,1,3,1,1,1,2,1,3,1,3,3,3,1,3,4,4,1,3,5,5,5,5,5,1,5,1,5,5,5,5,5,1,5,5,5,3,5,1,3,1,1,3,1,1,4,5,5,5,5,5,2,4,2,3,4,3,5,1,3,2,4,3,1,1,5,4,1,1,4,1,3,1,1,1,1,3,4,5,1,3,1,1,1,3,5,5,1,1
Q063,2,2,5,3,4,2,1,4,1,1,2,1,3,4,1,1,3,1,2,1,1,2,2,3,5,5,4,5,4,4,3,5,5,5,5,1,4,1,4,4,4,5,4,1,2,4,4,3,5,2,4,2,5,2,3,1,5,5,4,5,4,5,1,4,4,4,4,5,5,1,4,3,3,1,3,1,3,4,2,1,3,2,3,1,4,1,2,4,4,5,4,1,1,2,2,2,4,3,1,1
Q064,2,4,4,4,5,2,4,5,2,2,4,1,3,4,1,3,5,1,1,2,1,5,5,5,1,5,4,5,2,4,3,5,3,3,2,1,4,1,5,5,3,5,3,1,2,5,5,5,3,1,5,4,5,2,2,2,5,3,5,4,5,5,1,3,5,5,2,5,5,2,5,3,5,1,1,1,4,5,4,2,3,5,4,1,2,4,1,3,1,5,3,1,1,3,1,1,5,5,1,1
Q065,2,3,4,3,3,2,1,3,2,2,1,5,2,3,1,4,1,1,1,2,1,3,1,2,4,4,4,4,4,2,4,3,4,2,2,5,3,2,4,2,5,5,4,2,4,3,2,2,1,2,4,4,2,2,4,2,4,2,2,2,3,2,4,2,1,4,3,2,4,1,2,2,1,2,2,2,4,2,5,4,4,4,4,5,2,4,3,2,4,5,4,4,2,4,5,4,2,2,2,2
Q066,1,2,5,5,1,1,5,5,2,1,1,5,5,5,1,1,1,5,1,5,5,5,1,5,1,1,5,5,5,5,5,4,5,5,5,1,5,5,5,5,5,5,5,1,1,5,5,5,5,5,5,1,1,1,1,1,5,5,5,4,5,5,1,1,1,5,5,5,1,5,3,3,5,3,5,1,1,1,1,1,5,5,5,1,1,5,5,5,1,5,1,1,1,1,1,3,1,5,1,4
Q067,2,3,2,4,5,2,2,4,4,4,4,4,4,5,4,4,3,2,3,2,2,2,5,2,4,5,2,4,1,4,2,4,2,2,1,2,1,1,4,3,4,1,2,2,2,3,5,4,4,2,5,3,5,2,2,2,2,1,2,3,3,4,2,1,4,2,3,4,4,2,4,3,3,2,4,1,1,4,4,1,2,4,5,2,5,5,4,1,4,2,5,2,2,4,2,3,4,4,1,2
Q068,1,5,4,5,4,4,4,4,4,4,2,1,4,4,4,4,4,4,4,4,4,5,4,3,1,4,4,4,4,3,3,3,3,3,4,4,4,4,4,4,4,4,4,1,4,4,4,4,4,4,4,4,4,2,3,3,4,4,4,4,5,5,5,5,5,5,4,4,4,4,4,4,4,1,4,4,4,4,4,4,4,4,4,1,1,5,5,4,4,4,1,1,1,4,3,3,5,5,1,2
Q069,2,2,3,2,1,4,3,2,2,2,2,4,2,3,4,4,2,1,2,4,3,2,2,4,2,2,2,4,4,5,3,3,3,3,5,3,4,2,4,2,4,4,4,3,2,2,2,4,4,4,5,4,1,2,1,3,4,4,5,3,5,3,3,1,2,3,2,2,4,4,3,2,4,2,3,3,5,5,1,2,3,1,2,1,1,1,5,1,5,3,1,5,5,5,5,1,1,1,3,4
Q070,1,5,2,5,3,1,4,3,1,2,2,1,4,3,1,5,2,5,3,2,1,4,3,5,2,5,5,4,3,5,4,4,4,3,4,1,4,1,4,3,1,1,3,2,4,4,3,4,4,1,5,3,4,2,2,1,4,2,5,4,4,4,2,2,4,1,4,4,4,2,4,2,4,1,1,1,4,4,2,1,4,4,3,1,2,4,3,2,2,1,2,1,1,1,2,1,5,5,1,1
Q071,2,2,4,3,4,4,5,2,4,3,5,1,4,5,3,4,4,2,3,2,1,2,2,4,1,4,4,5,2,4,4,5,3,1,2,2,1,2,4,5,4,5,4,2,4,4,3,4,4,2,5,2,2,2,4,1,2,4,3,4,4,5,1,4,3,4,2,2,5,2,4,5,4,2,5,1,3,4,2,3,4,5,2,3,5,1,3,2,4,4,4,2,1,4,2,4,5,4,3,1
Q072,2,1,1,1,4,5,5,4,2,4,5,5,5,1,4,4,1,5,1,2,1,1,2,5,1,4,1,2,1,1,5,2,2,1,1,4,5,2,1,3,4,1,3,4,2,1,4,5,5,4,5,5,5,2,1,2,2,2,1,1,5,4,4,1,1,1,2,5,5,4,2,1,2,2,5,5,1,1,1,5,5,5,5,5,3,1,5,1,5,1,1,1,4,5,4,1,5,3,5,2
Q073,1,5,5,5,1,1,4,5,1,1,1,1,1,5,1,1,1,5,1,1,1,5,3,5,1,5,5,5,1,5,3,5,5,3,1,1,5,1,5,3,5,1,5,1,5,5,5,5,5,1,4,1,5,1,1,1,1,4,3,5,5,5,1,5,5,1,1,5,5,1,5,1,3,1,1,1,5,5,1,1,5,3,1,1,1,4,1,5,1,1,1,3,5,5,5,1,5,5,1,1
Q074,2,3,1,5,3,2,5,3,2,3,4,1,5,3,1,1,2,5,2,3,1,2,3,5,2,5,2,3,1,3,2,4,3,3,3,1,1,3,2,3,5,1,3,1,3,2,1,3,3,1,4,2,3,3,5,2,3,3,1,5,1,3,3,3,3,1,3,4,4,2,1,1,3,1,4,1,3,4,2,2,3,2,4,1,5,1,4,3,4,1,5,2,1,4,5,1,4,2,1,1
Q075,4,2,4,5,4,1,5,4,4,1,2,4,5,2,4,5,1,2,1,1,2,1,1,4,4,5,4,4,5,1,5,4,2,4,4,1,5,2,2,2,5,2,4,1,2,4,2,4,4,4,5,2,2,1,1,2,1,4,5,4,5,4,5,1,2,2,4,4,4,1,1,2,4,2,4,1,5,5,1,2,1,2,4,2,2,2,4,2,5,2,2,1,4,4,5,1,4,2,2,4
Q076,1,4,1,4,4,4,4,4,4,4,4,4,4,4,4,2,4,2,2,4,4,2,2,4,4,4,4,4,4,4,4,4,4,4,4,1,2,1,3,3,4,4,4,1,2,3,3,3,4,4,4,4,4,4,4,4,4,4,4,4,4,4,4,4,4,4,4,4,4,4,3,4,4,4,4,4,3,4,4,4,3,4,4,3,4,4,4,4,2,4,5,3,4,4,4,3,4,4,4,4
Q077,1,5,1,4,4,4,4,2,3,4,5,3,3,4,5,2,2,3,2,2,1,2,2,4,1,4,2,4,1,2,4,4,4,2,1,2,5,2,4,3,4,3,4,2,4,4,4,4,5,1,5,4,5,4,3,2,4,2,2,4,5,5,2,3,2,2,4,4,5,4,2,1,5,1,5,4,4,2,2,4,4,4,5,2,1,4,4,2,5,2,1,2,2,4,4,2,5,4,1,2
Q078,1,5,4,5,2,2,4,5,1,1,1,1,1,4,1,1,2,1,1,1,1,5,3,5,1,5,4,5,1,5,5,4,3,4,3,1,5,1,5,5,4,3,3,1,3,5,5,4,5,1,4,1,4,1,1,1,5,5,4,5,5,4,1,5,5,2,1,5,4,1,5,1,4,1,1,1,4,5,1,1,4,3,2,1,1,4,2,5,1,4,2,1,1,2,3,1,5,5,1,1
Q079,2,4,3,4,5,2,3,2,2,2,4,1,2,4,2,2,4,1,2,2,1,4,4,4,4,4,4,5,1,2,4,4,2,2,4,1,4,1,4,2,5,4,4,2,2,4,3,4,3,1,4,2,4,2,2,2,4,2,4,1,4,4,1,2,4,4,2,4,4,2,4,4,4,2,2,1,2,4,5,2,4,4,4,1,2,2,4,4,4,2,4,2,2,2,2,2,4,4,1,1
Q080,1,4,4,4,4,2,2,2,2,2,4,4,2,4,2,2,2,2,2,2,2,2,2,4,4,5,4,4,2,4,4,4,4,2,4,2,4,2,4,2,4,4,3,2,4,4,2,4,4,2,3,4,4,2,2,2,4,2,4,5,4,5,2,2,2,2,4,3,5,2,2,2,4,2,3,2,3,5,2,2,4,4,4,2,2,2,2,2,4,2,2,1,2,2,4,2,2,2,2,3
Q081,2,4,4,5,4,1,2,4,1,2,4,1,2,5,4,4,3,4,1,2,1,2,3,5,2,5,5,4,2,5,4,5,4,2,2,1,4,1,4,4,4,2,4,1,3,4,5,5,4,1,4,2,4,1,2,1,5,2,2,5,4,5,2,3,4,2,2,5,4,2,5,1,4,1,4,2,4,5,5,2,4,5,5,1,2,5,3,2,1,2,1,2,1,2,1,1,5,5,1,1
Q082,1,3,4,4,2,2,4,4,4,3,2,5,2,3,2,4,1,3,1,2,1,3,3,2,2,2,4,4,1,3,3,4,3,2,5,1,4,3,3,3,5,3,4,3,4,4,3,3,4,2,3,2,2,2,2,2,5,2,3,3,4,2,3,1,1,1,5,3,5,1,1,3,5,4,4,2,4,3,1,3,2,3,1,3,2,2,3,2,5,4,2,4,2,2,3,2,4,3,2,2
Q083,2,3,3,3,4,2,3,3,1,3,2,1,3,3,2,3,4,3,2,3,1,1,2,4,2,3,4,4,3,4,2,4,4,2,3,1,4,1,4,2,4,4,4,1,2,3,2,4,3,1,5,4,3,2,2,1,3,2,3,4,3,5,1,3,3,3,4,4,4,2,4,2,5,1,2,1,3,4,3,2,3,4,4,1,2,2,3,1,4,3,2,3,1,3,2,2,4,4,2,2
Q084,3,4,5,4,4,3,4,4,2,3,3,1,3,4,1,4,3,3,3,2,2,4,3,3,4,4,4,4,3,3,4,5,3,3,3,2,4,2,3,3,3,4,3,1,3,4,4,4,3,1,4,3,4,2,3,1,3,4,4,5,4,4,2,4,4,2,3,4,3,2,4,3,3,1,2,1,3,4,3,2,4,4,3,1,3,3,4,3,3,2,3,2,2,2,3,2,4,4,2,2
Q085,5,4,2,5,2,1,4,5,4,2,4,5,5,4,4,5,1,2,1,3,1,1,1,5,1,5,4,5,5,2,4,5,4,2,3,5,1,2,4,1,5,2,5,1,5,4,4,5,1,1,5,1,1,1,2,1,4,4,2,1,5,5,1,1,1,1,2,5,5,4,5,1,5,1,5,1,5,2,5,1,4,4,5,5,1,2,2,1,5,1,2,1,2,4,5,1,5,5,4,4
Q086,4,4,2,4,2,1,4,5,2,1,4,5,4,4,4,5,1,2,5,2,1,1,1,1,1,4,4,5,5,2,4,5,4,5,4,1,4,1,4,5,5,2,5,2,2,4,4,5,5,1,5,1,1,1,1,1,4,1,1,1,5,4,2,1,1,4,4,4,5,2,2,1,5,1,5,4,5,5,2,2,4,2,4,5,4,1,2,1,5,2,1,2,1,4,4,1,5,4,5,1
Q087,1,3,3,4,4,3,4,5,1,1,4,1,3,1,3,4,4,5,1,1,1,3,3,5,3,4,3,5,2,3,2,5,4,5,3,1,4,3,3,4,2,1,5,2,5,4,5,5,5,4,3,3,3,1,2,1,5,3,2,5,3,3,3,3,4,1,3,4,5,2,5,1,3,2,3,1,4,5,3,1,4,4,5,1,2,1,2,3,3,1,1,1,1,1,1,1,5,3,1,1
Q088,1,5,4,2,2,1,4,5,2,1,4,1,1,4,2,1,3,1,1,3,4,4,4,3,2,5,4,5,2,4,5,5,4,5,3,1,5,1,4,5,4,5,4,1,1,3,4,5,5,1,5,1,3,2,2,1,4,4,2,5,5,4,2,5,4,4,4,5,3,1,5,1,5,2,2,1,2,5,1,1,2,2,4,1,1,4,3,5,2,5,2,2,4,1,2,2,5,4,1,1
Q089,2,3,3,3,3,2,4,5,3,4,3,3,2,4,2,2,4,3,1,2,2,4,4,4,2,4,3,4,3,3,4,5,3,3,5,3,5,1,3,5,2,1,3,2,3,4,4,4,4,5,4,5,4,2,1,1,3,3,2,3,5,5,2,2,4,3,3,3,4,2,5,4,4,2,4,3,2,4,2,1,3,4,4,1,1,2,3,4,4,3,4,3,3,2,2,2,4,4,2,2
Q090,1,5,3,4,4,1,4,5,2,2,5,3,3,4,4,4,4,4,2,2,2,2,4,4,1,4,3,4,2,4,4,4,3,4,2,1,5,2,3,4,3,2,4,3,2,4,4,4,5,2,4,2,4,1,3,2,3,4,2,4,4,4,2,3,4,2,5,4,4,2,5,1,5,2,3,2,2,4,1,1,3,2,5,1,1,2,3,3,2,3,2,3,3,2,2,1,5,5,1,2
Q091,1,2,2,2,4,2,4,4,1,3,4,5,2,4,2,4,4,2,2,1,1,2,5,4,1,4,2,4,1,2,4,4,2,1,2,2,5,1,4,2,4,3,5,2,1,2,4,4,4,5,5,4,5,1,1,4,4,1,4,3,5,5,1,1,2,4,4,4,4,3,5,2,4,2,5,2,2,2,1,2,2,5,5,3,1,2,4,1,5,2,1,1,2,4,2,4,4,3,4,2
Q092,4,4,4,5,4,2,4,5,1,1,2,5,2,3,1,2,4,1,1,2,1,3,2,5,2,4,4,5,5,3,5,5,5,4,4,3,4,4,4,5,5,3,4,2,2,4,4,2,4,4,5,2,5,2,2,2,2,4,4,1,5,4,4,4,2,2,2,1,4,1,4,4,5,1,4,4,2,2,1,2,3,4,1,1,1,1,4,2,1,5,5,2,1,4,2,2,1,1,4,1
Q093,5,1,4,4,4,2,4,4,3,2,4,1,4,4,3,2,4,3,2,3,2,3,4,5,3,4,4,4,2,5,4,4,4,3,2,1,4,2,4,4,3,3,4,2,3,4,4,5,3,2,3,1,4,2,2,1,4,3,2,5,4,5,3,4,4,2,2,4,4,2,5,1,4,2,3,2,3,5,2,1,4,4,5,1,2,4,3,3,2,3,2,2,2,3,2,1,5,4,1,1
Q094,3,4,4,4,3,3,4,3,2,3,4,2,3,3,3,3,2,3,4,3,1,3,3,4,3,3,4,3,2,4,3,4,4,2,3,1,3,3,3,3,3,3,4,3,3,4,4,4,3,2,3,4,3,2,3,2,3,2,2,4,3,3,2,3,3,2,2,4,3,2,4,1,4,2,3,2,3,4,3,3,4,4,3,1,3,2,3,3,3,2,3,3,1,3,2,2,4,4,1,2
Q095,5,1,2,5,5,5,5,5,1,1,1,5,1,1,1,1,1,1,1,1,1,5,1,1,5,5,5,1,1,1,5,5,5,5,5,1,1,1,1,5,5,5,5,1,1,3,3,3,3,3,5,3,3,3,3,3,3,3,3,3,5,5,5,5,5,5,5,5,5,5,5,5,5,5,5,5,5,5,5,5,3,3,3,3,3,3,3,3,3,3,1,1,1,1,1,1,1,1,1,1
Q096,3,2,4,2,5,3,4,3,2,3,4,4,5,4,2,4,2,4,2,1,3,2,4,5,1,4,3,3,2,4,2,3,4,1,2,2,3,2,4,2,3,2,3,2,2,3,4,5,5,1,3,4,4,2,2,2,4,2,3,4,2,4,3,2,4,2,2,4,2,2,2,2,4,2,2,4,2,4,3,2,3,5,4,3,4,2,4,2,4,2,2,2,4,4,2,2,4,2,1,1
Q097,1,4,3,4,4,4,5,4,3,2,4,4,1,4,3,4,3,2,2,3,2,3,3,4,2,4,3,4,2,3,4,4,3,2,3,2,5,2,4,3,4,3,4,2,3,4,3,3,4,2,4,3,4,2,1,3,3,3,3,3,4,4,3,3,4,3,3,3,3,2,4,3,3,3,4,2,2,4,1,3,3,4,4,2,1,5,3,2,4,4,2,3,3,3,3,3,4,3,3,2
Q098,1,3,2,3,5,4,5,4,3,3,5,1,3,5,2,2,4,2,2,2,5,1,4,5,1,5,2,2,3,2,1,4,3,1,1,2,5,2,3,1,2,5,4,3,1,1,4,4,5,4,4,4,5,2,2,3,4,2,2,4,5,5,4,1,5,5,4,3,3,4,5,3,5,4,4,4,2,4,2,2,2,5,5,4,1,4,4,3,2,5,1,3,4,4,2,4,5,4,3,4
Q099,3,1,1,4,4,5,3,5,4,2,2,5,5,2,3,5,4,5,2,1,2,3,1,2,3,4,1,3,4,5,2,5,2,2,4,5,1,1,3,1,3,5,4,1,1,4,1,1,5,3,5,3,2,5,1,1,1,3,3,1,1,5,3,1,5,5,3,2,1,2,4,5,3,2,5,1,3,5,2,5,2,1,4,5,4,3,1,2,4,5,1,1,4,5,3,5,3,3,5,5
Q100,5,5,5,5,5,5,5,5,5,2,5,5,4,4,5,4,4,2,2,4,2,4,4,4,3,4,4,4,4,4,5,4,4,5,4,4,3,2,4,4,4,5,4,4,5,3,4,4,4,1,5,4,4,3,4,4,3,4,3,5,5,4,5,4,5,5,5,4,4,4,5,4,4,5,4,4,5,4,5,2,4,4,4,2,4,4,3,4,4,4,5,4,3,3,4,4,3,4,4,2
