qarin_id,HH,Em,Ex,Ag,Co,Op,HH_Ho,HH_Hu,Em_En,Em_Re,Ex_As,Ex_En,Ag_Co,Ag_Po,Co_In,Co_Or,Op_In,Op_Op
Q001,-6,8,-8,18,19,-5,-1,-5,6,2,-10,2,10,8,8,11,-5,0
Q002,-4,-3,-20,22,21,3,3,-7,-3,0,-13,-7,10,12,10,11,-4,7
Q003,0,13,-14,18,27,-2,3,-3,7,6,-9,-5,9,9,13,14,-2,0
Q004,11,12,5,22,21,16,7,4,7,5,1,4,16,6,14,7,7,9
Q005,29,4,-28,-20,5,-14,13,16,-6,10,-16,-12,-11,-9,2,3,-9,-5
Q006,19,16,-25,5,21,7,15,4,3,13,-11,-14,-1,6,7,14,10,-3
Q007,21,15,-11,15,14,-16,6,15,0,15,1,-12,6,9,5,9,-6,-10
Q008,8,26,15,26,28,14,15,-7,16,10,8,7,15,11,15,13,2,12
Q009,8,30,22,13,25,7,13,-5,16,14,10,12,7,6,11,14,-3,10
Q010,6,24,14,5,27,16,11,-5,15,9,0,14,2,3,11,16,5,11
Q011,9,-23,-24,14,-9,-17,4,5,-10,-13,-12,-12,7,7,-3,-6,-9,-8
Q012,-11,-1,-13,4,4,-8,-8,-3,-6,5,-5,-8,2,2,-1,5,2,-10
Q013,-6,23,12,-12,19,3,-5,-1,15,8,9,3,-4,-8,8,11,3,0
Q014,15,-18,-6,18,15,-6,6,9,-10,-8,0,-6,12,6,9,6,-6,0
Q015,8,32,13,28,28,28,12,-4,16,16,-3,16,16,12,12,16,16,12
Q016,19,16,4,19,12,6,14,5,9,7,6,-2,9,10,6,6,1,5
Q017,28,-7,-26,23,-8,24,15,13,-5,-2,-13,-13,15,8,-1,-7,10,14
Q018,-8,-22,4,13,30,8,-6,-2,-15,-7,-1,5,7,6,16,14,5,3
Q019,19,18,12,28,22,15,11,8,9,9,2,10,13,15,10,12,3,12
Q020,30,20,17,7,25,19,14,16,4,16,5,12,4,3,15,10,8,11
Q021,25,-14,-28,7,29,7,13,12,-1,-13,-14,-14,15,-8,14,15,-2,9
Q022,1,2,-15,16,0,7,-3,4,-1,3,-8,-7,9,7,-3,3,0,7
Q023,8,12,16,0,3,13,8,0,9,3,10,6,7,-7,3,0,5,8
Q024,-6,23,18,11,18,22,5,-11,12,11,6,12,7,4,11,7,6,16
Q025,4,-19,-9,16,-12,2,7,-3,-6,-13,-3,-6,12,4,-7,-5,2,0
Q026,9,29,-2,12,30,24,12,-3,16,13,2,-4,4,8,14,16,12,12
Q027,16,29,-32,-30,26,-31,12,4,13,16,-16,-16,-15,-15,10,16,-16,-15
Q028,8,9,-1,11,21,-2,8,0,3,6,2,-3,9,2,8,13,-1,-1
Q029,1,-4,-2,8,-8,2,0,1,-4,0,-2,0,4,4,-4,-4,0,2
Q030,5,14,-8,8,21,-5,-1,6,6,8,-4,-4,6,2,11,10,-4,-1
Q031,-4,-2,10,-2,-1,7,0,-4,-1,-1,3,7,1,-3,0,-1,2,5
Q032,17,31,5,19,25,11,8,9,15,16,0,5,16,3,14,11,7,4
Q033,16,22,9,17,31,13,11,5,7,15,2,7,9,8,15,16,7,6
Q034,27,0,5,24,19,16,14,13,1,-1,3,2,16,8,16,3,12,4
Q035,8,29,9,4,21,11,2,6,14,15,7,2,7,-3,12,9,2,9
Q036,11,23,13,17,17,14,8,3,13,10,6,7,9,8,10,7,6,8
Q037,9,28,14,17,19,12,6,3,16,12,7,7,8,9,11,8,4,8
Q038,-5,-30,-22,-23,-6,-16,-3,-2,-16,-14,-8,-14,-16,-7,-6,0,-5,-11
Q039,24,-8,-9,28,21,-22,9,15,-5,-3,-9,0,14,14,8,13,-12,-10
Q040,2,2,2,10,3,3,-1,3,-1,3,1,1,6,4,2,1,2,1
Q041,-8,6,16,8,7,32,7,-15,6,0,5,11,12,-4,7,0,16,16
Q042,-4,32,18,8,20,8,4,-8,16,16,14,4,4,4,6,14,2,6
Q043,13,13,-7,-10,16,-7,9,4,10,3,2,-9,0,-10,6,10,-4,-3
Q044,-4,2,8,12,12,-1,1,-5,4,-2,7,1,8,4,9,3,4,-5
Q045,19,8,-5,-1,-3,4,11,8,4,4,-3,-2,3,-4,3,-6,3,1
Q046,10,16,13,14,16,20,6,4,8,8,3,10,8,6,8,8,8,12
Q047,3,30,5,26,24,-2,5,-2,14,16,1,4,16,10,8,16,-2,0
Q048,-15,25,-10,-8,25,10,-4,-11,11,14,-5,-5,-7,-1,12,13,-2,12
Q049,-11,-14,9,5,-2,14,-2,-9,-7,-7,5,4,5,0,-1,-1,3,11
Q050,15,24,6,3,9,13,11,4,13,11,1,5,2,1,6,3,2,11
Q051,-4,1,8,8,3,-3,1,-5,0,1,5,3,2,6,0,3,0,-3
Q052,-2,-25,7,26,-5,9,5,-7,-14,-11,3,4,15,11,1,-6,3,6
Q053,12,30,8,30,32,20,13,-1,16,14,2,6,16,14,16,16,12,8
Q054,10,25,12,4,27,8,2,8,15,10,10,2,5,-1,12,15,-3,11
Q055,18,-3,-8,18,23,-5,7,11,0,-3,-6,-2,14,4,9,14,-3,-2
Q056,11,32,10,1,32,8,8,3,16,16,11,-1,5,-4,16,16,9,-1
Q057,11,11,-8,-6,12,-14,4,7,3,8,-5,-3,-5,-1,5,7,-8,-6
Q058,4,32,28,20,20,0,4,0,16,16,16,12,12,8,10,10,-4,4
Q059,9,20,4,23,28,10,11,-2,9,11,-3,7,9,14,12,16,2,8
Q060,13,-21,5,7,17,5,6,7,-8,-13,10,-5,3,4,15,2,-3,8
Q061,12,15,-13,12,0,14,7,5,7,8,-4,-9,7,5,5,-5,6,8
Q062,7,16,12,12,10,7,7,0,8,8,5,7,8,4,6,4,-2,9
Q063,0,24,15,10,27,8,9,-9,15,9,11,4,9,1,15,12,4,4
Q064,17,32,6,25,19,7,12,5,16,16,-3,9,16,9,7,12,-2,9
Q065,0,6,-5,6,-7,6,2,-2,3,3,-2,-3,1,5,-6,-1,2,4
Q066,-12,3,21,3,8,0,-8,-4,-1,4,16,5,11,-8,5,3,-4,4
Q067,-10,-10,-18,21,12,14,-5,-5,-2,-8,-2,-16,15,6,4,8,7,7
Q068,11,22,14,13,28,11,12,-1,6,16,5,9,15,-2,16,12,-1,12
Q069,6,14,-1,0,6,9,11,-5,8,6,5,-6,-1,1,6,0,5,4
Q070,22,23,-14,7,18,4,10,12,13,10,-9,-5,3,4,7,11,1,3
Q071,3,1,-5,1,5,1,5,-2,-1,2,-4,-1,1,0,0,5,-1,2
Q072,11,-12,-6,10,-1,2,4,7,-8,-4,-7,1,6,4,4,-5,3,-1
Q073,16,16,6,12,12,10,8,8,8,8,0,6,6,6,8,4,2,8
Q074,23,1,-3,-1,26,-16,10,13,-3,4,1,-4,-3,2,10,16,-13,-3
Q075,24,11,-1,-25,6,-1,14,10,9,2,6,-7,-11,-14,6,0,-3,2
Q076,5,17,6,6,13,5,3,2,7,10,3,3,5,1,8,5,3,2
Q077,8,-8,-12,13,14,3,7,1,-6,-2,-4,-8,4,9,0,14,1,2
Q078,20,30,17,27,29,19,16,4,14,16,7,10,15,12,15,14,5,14
Q079,10,-1,-14,2,13,-7,3,7,1,-2,-11,-3,5,-3,2,11,-7,0
Q080,12,14,-12,-9,14,5,6,6,7,7,-7,-5,-5,-4,6,8,2,3
Q081,21,20,-3,30,30,13,12,9,11,9,-4,1,14,16,14,16,7,6
Q082,11,13,-10,-5,-14,8,6,5,8,5,-4,-6,0,-5,-5,-9,5,3
Q083,7,15,-1,12,10,5,4,3,7,8,-1,0,8,4,7,3,-1,6
Q084,14,16,14,14,12,4,6,8,8,8,8,6,8,6,8,4,-2,6
Q085,22,24,-13,3,15,-8,10,12,11,13,-1,-12,8,-5,8,7,0,-8
Q086,6,12,-1,-6,11,9,4,2,1,11,-1,0,6,-12,11,0,5,4
Q087,21,10,18,28,-1,5,15,6,5,5,9,9,16,12,3,-4,4,1
Q088,0,2,26,18,13,12,9,-9,9,-7,11,15,12,6,10,3,0,12
Q089,8,2,4,6,18,5,7,1,-1,3,-2,6,4,2,14,4,3,2
Q090,23,11,2,12,0,17,11,12,8,3,0,2,11,1,3,-3,8,9
Q091,5,-4,-14,10,7,12,6,-1,-5,1,-4,-10,10,0,-1,8,6,6
Q092,10,22,5,6,19,9,12,-2,12,10,-2,7,6,0,7,12,6,3
Q093,12,7,-16,1,20,-6,2,10,6,1,-5,-11,6,-5,9,11,0,-6
Q094,14,9,-2,12,16,12,7,7,1,8,-4,2,8,4,8,8,7,5
Q095,-11,6,14,8,-3,4,-4,-7,2,4,10,4,4,4,-1,-2,6,-2
Q096,18,-13,-15,13,-8,-12,7,11,-11,-2,-8,-7,3,10,3,-11,-5,-7
Q097,0,4,3,-2,5,10,3,-3,4,0,1,2,-2,0,2,3,3,7
Q098,-2,-30,-20,7,4,2,3,-5,-14,-16,-12,-8,4,3,1,3,-1,3
Q099,-10,0,4,-22,10,-16,2,-12,0,0,9,-5,-9,-13,4,6,-10,-6
Q100,0,-4,7,6,14,-1,-3,3,-4,0,1,6,4,2,4,10,0,-1
