qarin_id,age_band,gender,degree
Q001,35-49,man,0
Q002,18-34,woman,1
Q003,35-49,woman,1
Q004,35-49,woman,0
Q005,18-34,man,0
Q006,18-34,man,0
Q007,18-34,man,0
Q008,35-49,woman,1
Q009,35-49,man,1
Q010,18-34,woman,1
Q011,18-34,woman,0
Q012,18-34,woman,1
Q013,35-49,man,1
Q014,35-49,woman,0
Q015,18-34,woman,1
Q016,18-34,man,1
Q017,18-34,woman,1
Q018,18-34,woman,1
Q019,35-49,man,1
Q020,18-34,man,0
Q021,18-34,woman,0
Q022,18-34,woman,1
Q023,35-49,man,1
Q024,18-34,man,0
Q025,18-34,man,1
Q026,18-34,man,1
Q027,35-49,man,1
Q028,18-34,woman,1
Q029,35-49,woman,1
Q030,35-49,man,0
Q031,18-34,woman,1
Q032,18-34,woman,0
Q033,35-49,man,1
Q034,35-49,woman,0
Q035,35-49,woman,1
Q036,35-49,woman,1
Q037,35-49,man,1
Q038,18-34,man,0
Q039,18-34,man,0
Q040,35-49,woman,0
Q041,18-34,man,1
Q042,18-34,man,1
Q043,35-49,man,0
Q044,18-34,man,1
Q045,18-34,man,0
Q046,50-65,man,1
Q047,35-49,man,1
Q048,18-34,woman,1
Q049,35-49,woman,1
Q050,35-49,man,1
Q051,18-34,,0
Q052,50-65,woman,0
Q053,35-49,woman,0
Q054,18-34,woman,1
Q055,35-49,woman,1
Q056,35-49,man,1
Q057,35-49,man,1
Q058,35-49,woman,1
Q059,18-34,man,0
Q060,18-34,woman,0
Q061,35-49,woman,1
Q062,35-49,woman,1
Q063,35-49,man,1
Q064,18-34,man,1
Q065,18-34,man,0
Q066,18-34,man,0
Q067,18-34,woman,1
Q068,18-34,man,1
Q069,35-49,man,0
Q070,18-34,man,0
Q071,35-49,man,1
Q072,35-49,man,1
Q073,35-49,woman,1
Q074,50-65,woman,0
Q075,35-49,man,1
Q076,35-49,woman,1
Q077,18-34,woman,1
Q078,18-34,man,0
Q079,35-49,woman,1
Q080,50-65,man,0
Q081,18-34,woman,1
Q082,35-49,man,0
Q083,35-49,woman,1
Q084,18-34,woman,1
Q085,35-49,man,0
Q086,18-34,man,1
Q087,35-49,man,0
Q088,35-49,man,1
Q089,18-34,man,0
Q090,18-34,woman,1
Q091,35-49,man,1
Q092,35-49,woman,1
Q093,35-49,man,1
Q094,18-34,woman,0
Q095,35-49,man,1
Q096,18-34,man,1
Q097,18-34,woman,1
Q098,18-34,woman,0
Q099,35-49,man,0
Q100,18-34,man,1
